-- phpMyAdmin SQL Dump
-- version 4.9.0.1
-- https://www.phpmyadmin.net/
--
-- Host: localhost
-- Generation Time: Sep 05, 2019 at 03:36 PM
-- Server version: 10.4.6-MariaDB
-- PHP Version: 7.3.7

SET SQL_MODE = "NO_AUTO_VALUE_ON_ZERO";
SET AUTOCOMMIT = 0;
START TRANSACTION;
SET time_zone = "+00:00";


/*!40101 SET @OLD_CHARACTER_SET_CLIENT=@@CHARACTER_SET_CLIENT */;
/*!40101 SET @OLD_CHARACTER_SET_RESULTS=@@CHARACTER_SET_RESULTS */;
/*!40101 SET @OLD_COLLATION_CONNECTION=@@COLLATION_CONNECTION */;
/*!40101 SET NAMES utf8mb4 */;

--
-- Database: `kcmit_attendance`
--

-- --------------------------------------------------------

--
-- Table structure for table `attendances`
--

CREATE TABLE `attendances` (
  `id` int(11) NOT NULL,
  `date` date DEFAULT NULL,
  `status` varchar(1) COLLATE utf8mb4_unicode_ci DEFAULT NULL,
  `student_semester_id` int(11) DEFAULT NULL,
  `subject_id` int(11) DEFAULT NULL
) ENGINE=InnoDB DEFAULT CHARSET=utf8mb4 COLLATE=utf8mb4_unicode_ci;

--
-- Dumping data for table `attendances`
--

INSERT INTO `attendances` (`id`, `date`, `status`, `student_semester_id`, `subject_id`) VALUES
(1, '2019-08-22', '1', 1, 4);

-- --------------------------------------------------------

--
-- Table structure for table `students`
--

CREATE TABLE `students` (
  `id` int(11) NOT NULL,
  `batch` year(4) DEFAULT NULL,
  `faculty` varchar(10) COLLATE utf8mb4_unicode_ci DEFAULT NULL,
  `name` varchar(100) COLLATE utf8mb4_unicode_ci DEFAULT NULL,
  `email` varchar(200) COLLATE utf8mb4_unicode_ci DEFAULT NULL,
  `phone` varchar(10) COLLATE utf8mb4_unicode_ci DEFAULT NULL,
  `image` varchar(200) COLLATE utf8mb4_unicode_ci NOT NULL DEFAULT 'image-1562687330203.png'
) ENGINE=InnoDB DEFAULT CHARSET=utf8mb4 COLLATE=utf8mb4_unicode_ci;

--
-- Dumping data for table `students`
--

INSERT INTO `students` (`id`, `batch`, `faculty`, `name`, `email`, `phone`, `image`) VALUES
(1, 2016, 'BIM', 'Anish Ghimire', 'anishghimire862@gmail.com', '9844680862', 'image-1562687059669.jpeg'),
(2, 2016, 'BIM', 'Dipak Raj Badu', 'dips.badu@gmail.com', '9860179354', 'image-1562687059669.jpeg'),
(3, 2016, 'BIM', 'Saroj Kafle', 'kaflesaroz0@gmail.com', '9843528047', 'image-1562688013271.jpeg'),
(4, 2016, 'BIM', 'Parshad Ghimire', 'xyzkaflesaroz0@gmail.com', '9888888888', 'image-1562688044133.jpeg'),
(5, 2016, 'BIM', 'Ananta Shresta', 'xyz0@gmail.com', '9888888888', 'image-1562688063076.jpeg'),
(6, 2016, 'BIM', 'Anup Pudasaini', 'xyz0@gmail.com', '9888888888', 'image-1562688076273.jpeg'),
(7, 2016, 'BIM', 'Biju Shrestha', 'xyz0@gmail.com', '9888888888', 'image-1562688149446.jpeg'),
(8, 2016, 'BIM', 'Dawa Lama', 'xyz0@gmail.com', '9888888888', 'image-1562688162813.jpeg'),
(9, 2016, 'BIM', 'Sanjok Karki', 'xyz0@gmail.com', '9888888888', 'image-1562688170197.jpeg'),
(10, 2016, 'BIM', 'Priti Bista', 'xyz0@gmail.com', '9888888888', 'image-1562688187825.jpeg'),
(11, 2016, 'BIM', 'Aayusha Rana', 'xyz0@gmail.com', '9888888888', 'image-1562688198333.jpeg'),
(12, 2016, 'BIM', 'Desdemona Dhakal', 'xyz0@gmail.com', '9888888888', 'image-1562688224291.jpeg'),
(13, 2016, 'BBA', 'Kriti Gautam', 'xyz0@gmail.com', '9888888888', 'image-1562688238714.jpeg'),
(14, 2016, 'BBA', 'Rupa Gautam', 'xyz0@gmail.com', '9888888888', 'image-1562688248196.jpeg'),
(15, 2016, 'BBA', 'Bibas Uprety', 'xyz0@gmail.com', '9888888888', 'image-1562688255220.jpeg'),
(16, 2016, 'BBA', 'Bibisha Stikhu', 'xyz0@gmail.com', '9888888888', 'image-1562688269908.jpeg'),
(17, 2016, 'BBA', 'Niswarth Rai', 'xyz0@gmail.com', '9888888888', 'image-1562688286949.jpeg'),
(18, 2016, 'BBA', 'Roshan Bista', 'xyz0@gmail.com', '9888888888', 'image-1562688337719.jpeg'),
(19, 2014, 'BIM', 'Lola-Rose Costa', 'xyz0@gmail.com', '9888888888', 'image-1562688443410.jpeg'),
(20, 2014, 'BIM', 'Harlan Walmsley\n', 'xyz0@gmail.com', '9888888888', 'image-1562688451502.jpeg'),
(21, 2014, 'BIM', 'Glyn John\n', 'xyz0@gmail.com', '9888888888', 'image-1562688464548.jpeg'),
(22, 2014, 'BIM', 'Jasper Olson\n', 'xyz0@gmail.com', '9888888888', 'image-1562688470658.jpeg'),
(23, 2014, 'BIM', 'Fabien Estrada\n', 'xyz0@gmail.com', '9888888888', 'image-1562688477461.jpeg'),
(24, 2014, 'BIM', 'Kenya Higgs\n', 'xyz0@gmail.com', '9888888888', 'image-1562688485981.jpeg'),
(25, 2014, 'BIM', 'Kayla Bender\n', 'xyz0@gmail.com', '9888888888', 'image-1562688492329.jpeg'),
(26, 2014, 'BIM', 'Fleur Cano\n', 'xyz0@gmail.com', '9888888888', 'image-1562688498522.jpeg'),
(27, 2014, 'BIM', 'Ayat Kinney\n', 'xyz0@gmail.com', '9888888888', 'image-1562688504288.jpeg'),
(28, 2014, 'BIM', 'Leia Petersen\n', 'xyz0@gmail.com', '9888888888', 'image-1562688510289.jpeg'),
(29, 2017, 'BIM', 'Nyah May\n', 'xyz0@gmail.com', '9888888888', 'image-1562688540474.jpeg'),
(30, 2017, 'BIM', 'Myra Burnett\n', 'xyz0@gmail.com', '9888888888', 'image-1562688546426.jpeg'),
(31, 2017, 'BIM', 'Borys Mccann\n', 'xyz0@gmail.com', '9888888888', 'image-1562688552125.jpeg'),
(32, 2017, 'BIM', 'Ariyah Delaney', 'xyz0@gmail.com', '9888888888', 'image-1562688563033.jpeg'),
(33, 2017, 'BIM', 'Stacie Hoffman\n', 'xyz0@gmail.com', '9888888888', 'image-1562688575935.jpeg'),
(34, 2017, 'BIM', 'Vishal Whitfield\n', 'xyz0@gmail.com', '9888888888', 'image-1562688582469.jpeg'),
(35, 2017, 'BIM', 'Sianna Macfarlane\n', 'xyz0@gmail.com', '9888888888', 'image-1562688590982.jpeg'),
(36, 2017, 'BIM', 'August Dillon\n', 'xyz0@gmail.com', '9888888888', 'image-1562688600947.jpeg'),
(37, 2017, 'BIM', 'Derry Nolan\n', 'xyz0@gmail.com', '9888888888', 'image-1562688608155.jpeg'),
(38, 2017, 'BIM', 'Malakai Lees\n', 'xyz0@gmail.com', '9888888888', 'image-1562688614832.jpeg'),
(39, 2018, 'BIM', 'Kelsey Hayden\n', 'xyz0@gmail.com', '9888888888', 'image-1562688634996.jpeg'),
(40, 2018, 'BIM', 'Anisah Guerra\n', 'xyz0@gmail.com', '9888888888', 'image-1562688641137.jpeg'),
(41, 2018, 'BIM', 'Zohaib Hart\n', 'xyz0@gmail.com', '9888888888', 'image-1562688646983.jpeg'),
(42, 2018, 'BIM', 'Zach Monaghan\n', 'xyz0@gmail.com', '9888888888', 'image-1562688653485.jpeg'),
(43, 2018, 'BIM', 'Alice Cresswell\n', 'xyz0@gmail.com', '9888888888', 'image-1562688666290.jpeg'),
(44, 2018, 'BIM', 'Savanna Sutherland\n', 'xyz0@gmail.com', '9888888888', 'image-1562688678588.jpeg'),
(45, 2018, 'BIM', 'Pascal Rudd\n', 'xyz0@gmail.com', '9888888888', 'image-1562688685701.jpeg'),
(46, 2018, 'BIM', 'Geraldine Rivers\n', 'xyz0@gmail.com', '9888888888', 'image-1562688692555.jpeg'),
(47, 2018, 'BIM', 'Misty Mitchell\n', 'xyz0@gmail.com', '9888888888', 'image-1562688704694.jpeg'),
(48, 2018, 'BIM', 'Jaxon Mccaffrey\n', 'xyz0@gmail.com', '9888888888', 'image-1562688713412.jpeg'),
(49, 2018, 'BIM', 'Karan Delacruz\n', 'xyz0@gmail.com', '9888888888', 'image-1562688722484.jpeg'),
(50, 2018, 'BIM', 'Duke Mill', 'xyz0@gmail.com', '9888888888', 'image-1562688731618.jpeg'),
(51, 2018, 'BIM', 'Shanon Blaese\n', 'xyz0@gmail.com', '9888888888', 'image-1562688738592.jpeg'),
(52, 2017, 'BBA', 'Dominika Booker\n', 'xyz0@gmail.com', '9888888888', 'image-1562688760161.jpeg'),
(53, 2017, 'BBA', 'Omar Horner\n', 'xyz0@gmail.com', '9888888888', 'image-1562688766925.jpeg'),
(54, 2017, 'BBA', 'Milena Hartman\n', 'xyz0@gmail.com', '9888888888', 'image-1562688773058.jpeg'),
(55, 2017, 'BBA', 'Emilija Peterson\n', 'xyz0@gmail.com', '9888888888', 'image-1562688778968.jpeg'),
(56, 2017, 'BBA', 'Ava Torres\n', 'xyz0@gmail.com', '9888888888', 'image-1562688784659.jpeg'),
(57, 2017, 'BBA', 'Rory Cuevas\n', 'xyz0@gmail.com', '9888888888', 'image-1562688790413.jpeg'),
(58, 2017, 'BBA', 'Malaika Mackie\n', 'xyz0@gmail.com', '9888888888', 'image-1562688797981.jpeg'),
(59, 2017, 'BBA', 'Campbell Reeve\n', 'xyz0@gmail.com', '9888888888', 'image-1562688806365.jpeg'),
(60, 2017, 'BBA', 'Vlad Sharpe\n', 'xyz0@gmail.com', '9888888888', 'image-1562688813612.jpeg'),
(61, 2017, 'BBA', 'Rocky Cash\n', 'xyz0@gmail.com', '9888888888', 'image-1562688821017.jpeg'),
(62, 2017, 'BBA', 'Samad Wong\n', 'xyz0@gmail.com', '9888888888', 'image-1562688827882.jpeg'),
(63, 2017, 'BBA', 'Delilah Mckenzie\n', 'xyz0@gmail.com', '9888888888', 'image-1562688834315.jpeg'),
(64, 2017, 'BBA', 'Aleksander Alfaro\n', 'xyz0@gmail.com', '9888888888', 'image-1562688839528.jpeg'),
(65, 2018, 'BBA', 'Marius Stevens\n', 'xyz0@gmail.com', '9888888888', 'image-1562688863871.jpeg'),
(66, 2018, 'BBA', 'Niall Stark\n', 'xyz0@gmail.com', '9888888888', 'image-1562688870101.jpeg'),
(67, 2018, 'BBA', 'Tonya Alcock\n', 'xyz0@gmail.com', '9888888888', 'image-1562688877261.jpeg'),
(68, 2018, 'BBA', 'Everly Frost\n', 'xyz0@gmail.com', '9888888888', 'image-1562688882787.jpeg'),
(69, 2018, 'BBA', 'Cathal Kirby\n', 'xyz0@gmail.com', '9888888888', 'image-1562688888898.jpeg'),
(70, 2018, 'BBA', 'Ella-Louise Werner\n', 'xyz0@gmail.com', '9888888888', 'image-1562688895025.jpeg'),
(71, 2018, 'BBA', 'Taliah Bennett\n', 'xyz0@gmail.com', '9888888888', 'image-1562688900765.jpeg'),
(72, 2018, 'BBA', 'Arnas Sims\n', 'xyz0@gmail.com', '9888888888', 'image-1562688906070.jpeg'),
(73, 2018, 'BBA', 'Havin Serrano\n', 'xyz0@gmail.com', '9888888888', 'image-1562688911293.jpeg'),
(74, 2018, 'BBA', 'Mylo Herman\n', 'xyz0@gmail.com', '9888888888', 'image-1562688974821.jpeg'),
(75, 2015, 'BIM', 'Nicole Sharp\n', 'xyz0@gmail.com', '9888888888', 'image-1562688998121.jpeg'),
(76, 2015, 'BIM', 'Chantelle Charles\n', 'xyz0@gmail.com', '9888888888', 'image-1562689004671.jpeg'),
(77, 2015, 'BIM', 'Iwan Delgado\n', 'xyz0@gmail.com', '9888888888', 'image-1562689011004.jpeg'),
(78, 2015, 'BIM', 'Omer Coulson\n', 'xyz0@gmail.com', '9888888888', 'image-1562689016409.jpeg'),
(79, 2015, 'BIM', 'Kane Huffman\n', 'xyz0@gmail.com', '9888888888', 'image-1562689025242.jpeg'),
(80, 2015, 'BIM', 'Ashleigh Caldwell\n', 'xyz0@gmail.com', '9888888888', 'image-1562689031086.jpeg'),
(81, 2015, 'BIM', 'Marwa Greenaway\n', 'xyz0@gmail.com', '9888888888', 'image-1562689036846.jpeg'),
(82, 2015, 'BIM', 'Lorenzo Munoz\n', 'xyz0@gmail.com', '9888888888', 'image-1562689042712.jpeg'),
(83, 2015, 'BIM', 'Jac Mccoy\n', 'xyz0@gmail.com', '9888888888', 'image-1562689047513.jpeg'),
(84, 2015, 'BIM', 'Addie Armitage\n', 'xyz0@gmail.com', '9888888888', 'image-1562689052933.jpeg'),
(85, 2015, 'BIM', 'Priscilla Blankenship\n', 'xyz0@gmail.com', '9888888888', 'image-1562689059144.jpeg'),
(86, 2015, 'BIM', 'Teresa Tyler\n', 'xyz0@gmail.com', '9888888888', 'image-1562689064218.jpeg'),
(87, 2015, 'BIM', 'Idris Bruce\n', 'xyz0@gmail.com', '9888888888', 'image-1562689070739.jpeg'),
(88, 2000, 'BIM', 'aaaa', 'anish@gad.com', NULL, 'image-1562687330203.png'),
(89, 2018, 'BIM', 'ABCDEF', 'abc@abc.com', NULL, 'image-1562687330203.png');

-- --------------------------------------------------------

--
-- Table structure for table `student_semesters`
--

CREATE TABLE `student_semesters` (
  `id` int(11) NOT NULL,
  `student_id` int(11) DEFAULT NULL,
  `from` date DEFAULT NULL,
  `to` date DEFAULT NULL,
  `section` varchar(1) COLLATE utf8mb4_unicode_ci DEFAULT NULL,
  `semester` varchar(1) COLLATE utf8mb4_unicode_ci DEFAULT NULL
) ENGINE=InnoDB DEFAULT CHARSET=utf8mb4 COLLATE=utf8mb4_unicode_ci;

--
-- Dumping data for table `student_semesters`
--

INSERT INTO `student_semesters` (`id`, `student_id`, `from`, `to`, `section`, `semester`) VALUES
(1, 1, '2016-06-01', '2016-12-30', 'B', '1'),
(2, 2, '2016-06-01', '2016-12-30', 'B', '1'),
(3, 3, '2016-06-01', '2016-12-30', 'B', '1'),
(4, 4, '2016-06-01', '2016-12-30', 'B', '1'),
(5, 5, '2016-06-01', '2016-12-30', 'B', '1'),
(6, 6, '2016-06-01', '2016-12-30', 'B', '1'),
(7, 7, '2016-06-01', '2016-12-30', 'B', '1'),
(8, 8, '2016-06-01', '2016-12-30', 'B', '1'),
(9, 9, '2016-06-01', '2016-12-30', 'B', '1'),
(10, 10, '2016-06-01', '2016-12-30', 'B', '1'),
(11, 11, '2016-06-01', '2016-12-30', 'B', '1'),
(12, 12, '2016-06-01', '2016-12-30', 'B', '1'),
(13, 1, '2017-01-01', '2017-06-30', 'B', '2'),
(14, 2, '2017-01-01', '2017-06-30', 'B', '2'),
(15, 1, '2017-01-01', '2017-06-30', 'B', '2'),
(16, 2, '2017-01-01', '2017-06-30', 'B', '2'),
(17, 3, '2017-01-01', '2017-06-30', 'B', '2'),
(18, 4, '2017-01-01', '2017-06-30', 'B', '2'),
(19, 5, '2017-01-01', '2017-06-30', 'B', '2'),
(20, 6, '2017-01-01', '2017-06-30', 'B', '2'),
(21, 7, '2017-01-01', '2017-06-30', 'B', '2'),
(22, 8, '2017-01-01', '2017-06-30', 'B', '2'),
(23, 9, '2017-01-01', '2017-06-30', 'B', '2'),
(24, 10, '2017-01-01', '2017-06-30', 'B', '2'),
(25, 11, '2017-01-01', '2017-06-30', 'B', '2'),
(26, 12, '2017-01-01', '2017-06-30', 'B', '2'),
(27, 1, '2017-07-01', '2017-12-30', 'B', '3'),
(28, 2, '2017-07-01', '2017-12-30', 'B', '3'),
(29, 3, '2017-07-01', '2017-12-30', 'B', '3'),
(30, 4, '2017-07-01', '2017-12-30', 'B', '3'),
(31, 5, '2017-07-01', '2017-12-30', 'B', '3'),
(32, 6, '2017-07-01', '2017-12-30', 'B', '3'),
(33, 7, '2017-07-01', '2017-12-30', 'B', '3'),
(34, 8, '2017-07-01', '2017-12-30', 'B', '3'),
(35, 9, '2017-07-01', '2017-12-30', 'B', '3'),
(36, 10, '2017-07-01', '2017-12-30', 'B', '3'),
(37, 11, '2017-07-01', '2017-12-30', 'B', '3'),
(38, 12, '2017-07-01', '2017-12-30', 'B', '3'),
(39, 1, '2018-01-01', '2018-05-30', 'B', '4'),
(40, 2, '2018-01-01', '2018-05-30', 'B', '4'),
(41, 3, '2018-01-01', '2018-05-30', 'B', '4'),
(42, 4, '2018-01-01', '2018-05-30', 'B', '4'),
(43, 5, '2018-01-01', '2018-05-30', 'B', '4'),
(44, 6, '2018-01-01', '2018-05-30', 'B', '4'),
(45, 7, '2018-01-01', '2018-05-30', 'B', '4'),
(46, 8, '2018-01-01', '2018-05-30', 'B', '4'),
(47, 9, '2018-01-01', '2018-05-30', 'B', '4'),
(48, 10, '2018-01-01', '2018-05-30', 'B', '4'),
(49, 11, '2018-01-01', '2018-05-30', 'B', '4'),
(50, 12, '2018-01-01', '2018-05-30', 'B', '4'),
(51, 1, '2018-06-01', '2018-12-30', 'B', '5'),
(52, 2, '2018-06-01', '2018-12-30', 'B', '5'),
(53, 3, '2018-06-01', '2018-12-30', 'B', '5'),
(54, 4, '2018-06-01', '2018-12-30', 'B', '5'),
(55, 5, '2018-06-01', '2018-12-30', 'B', '5'),
(56, 6, '2018-06-01', '2018-12-30', 'B', '5'),
(57, 7, '2018-06-01', '2018-12-30', 'B', '5'),
(58, 8, '2018-06-01', '2018-12-30', 'B', '5'),
(59, 9, '2018-06-01', '2018-12-30', 'B', '5'),
(60, 10, '2018-06-01', '2018-12-30', 'B', '5'),
(61, 11, '2018-06-01', '2018-12-30', 'B', '5'),
(62, 12, '2018-06-01', '2018-12-30', 'B', '5'),
(63, 1, '2019-01-01', '2019-10-30', 'B', '6'),
(64, 2, '2019-01-01', '2019-10-30', 'B', '6'),
(65, 3, '2019-01-01', '2019-10-30', 'B', '6'),
(66, 4, '2019-01-01', '2019-10-30', 'B', '6'),
(67, 5, '2019-01-01', '2019-10-30', 'B', '6'),
(68, 6, '2019-01-01', '2019-10-30', 'B', '6'),
(69, 7, '2019-01-01', '2019-10-30', 'B', '6'),
(70, 8, '2019-01-01', '2019-10-30', 'B', '6'),
(71, 9, '2019-01-01', '2019-10-30', 'B', '6'),
(72, 10, '2019-01-01', '2019-10-30', 'B', '6'),
(73, 11, '2019-01-01', '2019-10-30', 'B', '6'),
(74, 12, '2019-01-01', '2019-10-30', 'B', '6'),
(87, 13, '2019-01-01', '2019-10-30', 'B', '6'),
(88, 14, '2019-01-01', '2019-10-30', 'B', '6'),
(89, 15, '2019-01-01', '2019-10-30', 'B', '6'),
(90, 16, '2019-01-01', '2019-10-30', 'B', '6'),
(91, 17, '2019-01-01', '2019-10-30', 'B', '6'),
(92, 18, '2019-01-01', '2019-10-30', 'B', '6'),
(93, 13, '2016-06-01', '2016-12-30', 'B', '1'),
(94, 14, '2016-06-01', '2016-12-30', 'B', '1'),
(95, 15, '2016-06-01', '2016-12-30', 'B', '1'),
(96, 16, '2016-06-01', '2016-12-30', 'B', '1'),
(97, 17, '2016-06-01', '2016-12-30', 'B', '1'),
(98, 18, '2016-06-01', '2016-12-30', 'B', '1'),
(99, 13, '2017-01-01', '2017-06-30', 'B', '2'),
(100, 14, '2017-01-01', '2017-06-30', 'B', '2'),
(101, 15, '2017-01-01', '2017-06-30', 'B', '2'),
(102, 16, '2017-01-01', '2017-06-30', 'B', '2'),
(103, 17, '2017-01-01', '2017-06-30', 'B', '2'),
(104, 18, '2017-01-01', '2017-06-30', 'B', '2'),
(105, 13, '2017-07-01', '2017-12-30', 'B', '3'),
(106, 14, '2017-07-01', '2017-12-30', 'B', '3'),
(107, 15, '2017-07-01', '2017-12-30', 'B', '3'),
(108, 16, '2017-07-01', '2017-12-30', 'B', '3'),
(109, 17, '2017-07-01', '2017-12-30', 'B', '3'),
(110, 18, '2017-07-01', '2017-12-30', 'B', '3'),
(111, 13, '2018-01-01', '2018-05-30', 'B', '4'),
(112, 14, '2018-01-01', '2018-05-30', 'B', '4'),
(113, 15, '2018-01-01', '2018-05-30', 'B', '4'),
(114, 16, '2018-01-01', '2018-05-30', 'B', '4'),
(115, 17, '2018-01-01', '2018-05-30', 'B', '4'),
(116, 18, '2018-01-01', '2018-05-30', 'B', '4'),
(117, 13, '2018-06-01', '2018-12-30', 'B', '5'),
(118, 14, '2018-06-01', '2018-12-30', 'B', '5'),
(119, 15, '2018-06-01', '2018-12-30', 'B', '5'),
(120, 16, '2018-06-01', '2018-12-30', 'B', '5'),
(121, 17, '2018-06-01', '2018-12-30', 'B', '5'),
(122, 18, '2018-06-01', '2018-12-30', 'B', '5'),
(123, 13, '2019-01-01', '2019-10-30', 'B', '6'),
(124, 14, '2019-01-01', '2019-10-30', 'B', '6'),
(125, 15, '2019-01-01', '2019-10-30', 'B', '6'),
(126, 16, '2019-01-01', '2019-10-30', 'B', '6'),
(127, 17, '2019-01-01', '2019-10-30', 'B', '6'),
(128, 18, '2019-01-01', '2019-10-30', 'B', '6'),
(129, 19, '2014-01-01', '2014-05-30', 'B', '1'),
(130, 20, '2014-01-01', '2014-05-30', 'B', '1'),
(131, 21, '2014-01-01', '2014-05-30', 'B', '1'),
(132, 22, '2014-01-01', '2014-05-30', 'B', '1'),
(133, 23, '2014-01-01', '2014-05-30', 'B', '1'),
(134, 24, '2014-01-01', '2014-05-30', 'B', '1'),
(135, 25, '2014-01-01', '2014-05-30', 'B', '1'),
(136, 26, '2014-01-01', '2014-05-30', 'B', '1'),
(137, 27, '2014-01-01', '2014-05-30', 'B', '1'),
(138, 28, '2014-01-01', '2014-05-30', 'B', '1'),
(139, 19, '2014-06-01', '2014-12-30', 'B', '2'),
(140, 20, '2014-06-01', '2014-12-30', 'B', '2'),
(141, 21, '2014-06-01', '2014-12-30', 'B', '2'),
(142, 22, '2014-06-01', '2014-12-30', 'B', '2'),
(143, 23, '2014-06-01', '2014-12-30', 'B', '2'),
(144, 24, '2014-06-01', '2014-12-30', 'B', '2'),
(145, 25, '2014-06-01', '2014-12-30', 'B', '2'),
(146, 26, '2014-06-01', '2014-12-30', 'B', '2'),
(147, 27, '2014-06-01', '2014-12-30', 'B', '2'),
(148, 28, '2014-06-01', '2014-12-30', 'B', '2'),
(149, 19, '2015-01-01', '2015-05-30', 'B', '3'),
(150, 20, '2015-01-01', '2015-05-30', 'B', '3'),
(151, 21, '2015-01-01', '2015-05-30', 'B', '3'),
(152, 22, '2015-01-01', '2015-05-30', 'B', '3'),
(153, 23, '2015-01-01', '2015-05-30', 'B', '3'),
(154, 24, '2015-01-01', '2015-05-30', 'B', '3'),
(155, 25, '2015-01-01', '2015-05-30', 'B', '3'),
(156, 26, '2015-01-01', '2015-05-30', 'B', '3'),
(157, 27, '2015-01-01', '2015-05-30', 'B', '3'),
(158, 28, '2015-01-01', '2015-05-30', 'B', '3'),
(159, 19, '2015-06-01', '2015-12-30', 'B', '4'),
(160, 20, '2015-06-01', '2015-12-30', 'B', '4'),
(161, 21, '2015-06-01', '2015-12-30', 'B', '4'),
(162, 22, '2015-06-01', '2015-12-30', 'B', '4'),
(163, 23, '2015-06-01', '2015-12-30', 'B', '4'),
(164, 24, '2015-06-01', '2015-12-30', 'B', '4'),
(165, 25, '2015-06-01', '2015-12-30', 'B', '4'),
(166, 26, '2015-06-01', '2015-12-30', 'B', '4'),
(167, 27, '2015-06-01', '2015-12-30', 'B', '4'),
(168, 28, '2015-06-01', '2015-12-30', 'B', '4'),
(169, 19, '2016-01-01', '2016-05-30', 'B', '5'),
(170, 20, '2016-01-01', '2016-05-30', 'B', '5'),
(171, 21, '2016-01-01', '2016-05-30', 'B', '5'),
(172, 22, '2016-01-01', '2016-05-30', 'B', '5'),
(173, 23, '2016-01-01', '2016-05-30', 'B', '5'),
(174, 24, '2016-01-01', '2016-05-30', 'B', '5'),
(175, 25, '2016-01-01', '2016-05-30', 'B', '5'),
(176, 26, '2016-01-01', '2016-05-30', 'B', '5'),
(177, 27, '2016-01-01', '2016-05-30', 'B', '5'),
(178, 28, '2016-01-01', '2016-05-30', 'B', '5'),
(179, 19, '2016-06-01', '2016-12-30', 'B', '6'),
(180, 20, '2016-06-01', '2016-12-30', 'B', '6'),
(181, 21, '2016-06-01', '2016-12-30', 'B', '6'),
(182, 22, '2016-06-01', '2016-12-30', 'B', '6'),
(183, 23, '2016-06-01', '2016-12-30', 'B', '6'),
(184, 24, '2016-06-01', '2016-12-30', 'B', '6'),
(185, 25, '2016-06-01', '2016-12-30', 'B', '6'),
(186, 26, '2016-06-01', '2016-12-30', 'B', '6'),
(187, 27, '2016-06-01', '2016-12-30', 'B', '6'),
(188, 28, '2016-06-01', '2016-12-30', 'B', '6'),
(189, 19, '2017-01-01', '2017-05-30', 'B', '7'),
(190, 20, '2017-01-01', '2017-05-30', 'B', '7'),
(191, 21, '2017-01-01', '2017-05-30', 'B', '7'),
(192, 22, '2017-01-01', '2017-05-30', 'B', '7'),
(193, 23, '2017-01-01', '2017-05-30', 'B', '7'),
(194, 24, '2017-01-01', '2017-05-30', 'B', '7'),
(195, 25, '2017-01-01', '2017-05-30', 'B', '7'),
(196, 26, '2017-01-01', '2017-05-30', 'B', '7'),
(197, 27, '2017-01-01', '2017-05-30', 'B', '7'),
(198, 28, '2017-01-01', '2017-05-30', 'B', '7'),
(199, 19, '2017-06-01', '2017-12-30', 'B', '8'),
(200, 20, '2017-06-01', '2017-12-30', 'B', '8'),
(201, 21, '2017-06-01', '2017-12-30', 'B', '8'),
(202, 22, '2017-06-01', '2017-12-30', 'B', '8'),
(203, 23, '2017-06-01', '2017-12-30', 'B', '8'),
(204, 24, '2017-06-01', '2017-12-30', 'B', '8'),
(205, 25, '2017-06-01', '2017-12-30', 'B', '8'),
(206, 26, '2017-06-01', '2017-12-30', 'B', '8'),
(207, 27, '2017-06-01', '2017-12-30', 'B', '8'),
(208, 28, '2017-06-01', '2017-12-30', 'B', '8'),
(249, 29, '2017-06-01', '2017-12-30', 'B', '1'),
(250, 30, '2017-06-01', '2017-12-30', 'B', '1'),
(251, 31, '2017-06-01', '2017-12-30', 'B', '1'),
(252, 32, '2017-06-01', '2017-12-30', 'B', '1'),
(253, 33, '2017-06-01', '2017-12-30', 'B', '1'),
(254, 34, '2017-06-01', '2017-12-30', 'B', '1'),
(255, 35, '2017-06-01', '2017-12-30', 'B', '1'),
(256, 36, '2017-06-01', '2017-12-30', 'B', '1'),
(257, 37, '2017-06-01', '2017-12-30', 'B', '1'),
(258, 38, '2017-06-01', '2017-12-30', 'B', '1'),
(259, 29, '2017-06-01', '2017-12-30', 'B', '1'),
(260, 30, '2017-06-01', '2017-12-30', 'B', '1'),
(261, 31, '2017-06-01', '2017-12-30', 'B', '1'),
(262, 32, '2017-06-01', '2017-12-30', 'B', '1'),
(263, 33, '2017-06-01', '2017-12-30', 'B', '1'),
(264, 34, '2017-06-01', '2017-12-30', 'B', '1'),
(265, 35, '2017-06-01', '2017-12-30', 'B', '1'),
(266, 36, '2017-06-01', '2017-12-30', 'B', '1'),
(267, 37, '2017-06-01', '2017-12-30', 'B', '1'),
(268, 38, '2017-06-01', '2017-12-30', 'B', '1'),
(269, 29, '2018-06-01', '2018-12-30', 'B', '3'),
(270, 30, '2018-06-01', '2018-12-30', 'B', '3'),
(271, 31, '2018-06-01', '2018-12-30', 'B', '3'),
(272, 32, '2018-06-01', '2018-12-30', 'B', '3'),
(273, 33, '2018-06-01', '2018-12-30', 'B', '3'),
(274, 34, '2018-06-01', '2018-12-30', 'B', '3'),
(275, 35, '2018-06-01', '2018-12-30', 'B', '3'),
(276, 36, '2018-06-01', '2018-12-30', 'B', '3'),
(277, 37, '2018-06-01', '2018-12-30', 'B', '3'),
(278, 38, '2018-06-01', '2018-12-30', 'B', '3'),
(279, 29, '2019-01-01', '2018-10-30', 'B', '4'),
(280, 30, '2019-01-01', '2018-10-30', 'B', '4'),
(281, 31, '2019-01-01', '2018-10-30', 'B', '4'),
(282, 32, '2019-01-01', '2018-10-30', 'B', '4'),
(283, 33, '2019-01-01', '2018-10-30', 'B', '4'),
(284, 34, '2019-01-01', '2018-10-30', 'B', '4'),
(285, 35, '2019-01-01', '2018-10-30', 'B', '4'),
(286, 36, '2019-01-01', '2018-10-30', 'B', '4'),
(287, 37, '2019-01-01', '2018-10-30', 'B', '4'),
(288, 38, '2019-01-01', '2018-10-30', 'B', '4'),
(289, 39, '2018-06-01', '2018-12-30', 'B', '1'),
(290, 40, '2018-06-01', '2018-12-30', 'B', '1'),
(291, 41, '2018-06-01', '2018-12-30', 'B', '1'),
(292, 42, '2018-06-01', '2018-12-30', 'B', '1'),
(293, 43, '2018-06-01', '2018-12-30', 'B', '1'),
(294, 44, '2018-06-01', '2018-12-30', 'B', '1'),
(295, 45, '2018-06-01', '2018-12-30', 'B', '1'),
(296, 46, '2018-06-01', '2018-12-30', 'B', '1'),
(297, 47, '2018-06-01', '2018-12-30', 'B', '1'),
(298, 48, '2018-06-01', '2018-12-30', 'B', '1'),
(299, 49, '2018-06-01', '2018-12-30', 'B', '1'),
(300, 50, '2018-06-01', '2018-12-30', 'B', '1'),
(301, 51, '2018-06-01', '2018-12-30', 'B', '1'),
(315, 39, '2019-01-01', '2019-10-30', 'B', '2'),
(316, 40, '2019-01-01', '2019-10-30', 'B', '2'),
(317, 41, '2019-01-01', '2019-10-30', 'B', '2'),
(318, 42, '2019-01-01', '2019-10-30', 'B', '2'),
(319, 43, '2019-01-01', '2019-10-30', 'B', '2'),
(320, 44, '2019-01-01', '2019-10-30', 'B', '2'),
(321, 45, '2019-01-01', '2019-10-30', 'B', '2'),
(322, 46, '2019-01-01', '2019-10-30', 'B', '2'),
(323, 47, '2019-01-01', '2019-10-30', 'B', '2'),
(324, 48, '2019-01-01', '2019-10-30', 'B', '2'),
(325, 49, '2019-01-01', '2019-10-30', 'B', '2'),
(326, 50, '2019-01-01', '2019-10-30', 'B', '2'),
(327, 51, '2019-01-01', '2019-10-30', 'B', '2'),
(328, 75, '2015-06-01', '2015-12-30', 'B', '1'),
(329, 76, '2015-06-01', '2015-12-30', 'B', '1'),
(330, 77, '2015-06-01', '2015-12-30', 'B', '1'),
(331, 78, '2015-06-01', '2015-12-30', 'B', '1'),
(332, 79, '2015-06-01', '2015-12-30', 'B', '1'),
(333, 80, '2015-06-01', '2015-12-30', 'B', '1'),
(334, 81, '2015-06-01', '2015-12-30', 'B', '1'),
(335, 82, '2015-06-01', '2015-12-30', 'B', '1'),
(336, 83, '2015-06-01', '2015-12-30', 'B', '1'),
(337, 84, '2015-06-01', '2015-12-30', 'B', '1'),
(338, 85, '2015-06-01', '2015-12-30', 'B', '1'),
(339, 86, '2015-06-01', '2015-12-30', 'B', '1'),
(340, 87, '2015-06-01', '2015-12-30', 'B', '1'),
(341, 75, '2016-01-01', '2016-06-30', 'B', '2'),
(342, 76, '2016-01-01', '2016-06-30', 'B', '2'),
(343, 77, '2016-01-01', '2016-06-30', 'B', '2'),
(344, 78, '2016-01-01', '2016-06-30', 'B', '2'),
(345, 79, '2016-01-01', '2016-06-30', 'B', '2'),
(346, 80, '2016-01-01', '2016-06-30', 'B', '2'),
(347, 81, '2016-01-01', '2016-06-30', 'B', '2'),
(348, 82, '2016-01-01', '2016-06-30', 'B', '2'),
(349, 83, '2016-01-01', '2016-06-30', 'B', '2'),
(350, 84, '2016-01-01', '2016-06-30', 'B', '2'),
(351, 85, '2016-01-01', '2016-06-30', 'B', '2'),
(352, 86, '2016-01-01', '2016-06-30', 'B', '2'),
(353, 87, '2016-01-01', '2016-06-30', 'B', '2'),
(354, 75, '2016-01-01', '2016-06-30', 'B', '2'),
(355, 76, '2016-01-01', '2016-06-30', 'B', '2'),
(356, 77, '2016-01-01', '2016-06-30', 'B', '2'),
(357, 78, '2016-01-01', '2016-06-30', 'B', '2'),
(358, 79, '2016-01-01', '2016-06-30', 'B', '2'),
(359, 80, '2016-01-01', '2016-06-30', 'B', '2'),
(360, 81, '2016-01-01', '2016-06-30', 'B', '2'),
(361, 82, '2016-01-01', '2016-06-30', 'B', '2'),
(362, 83, '2016-01-01', '2016-06-30', 'B', '2'),
(363, 84, '2016-01-01', '2016-06-30', 'B', '2'),
(364, 85, '2016-01-01', '2016-06-30', 'B', '2'),
(365, 86, '2016-01-01', '2016-06-30', 'B', '2'),
(366, 87, '2016-01-01', '2016-06-30', 'B', '2'),
(367, 75, '2016-07-01', '2016-12-30', 'B', '3'),
(368, 76, '2016-07-01', '2016-12-30', 'B', '3'),
(369, 77, '2016-07-01', '2016-12-30', 'B', '3'),
(370, 78, '2016-07-01', '2016-12-30', 'B', '3'),
(371, 79, '2016-07-01', '2016-12-30', 'B', '3'),
(372, 80, '2016-07-01', '2016-12-30', 'B', '3'),
(373, 81, '2016-07-01', '2016-12-30', 'B', '3'),
(374, 82, '2016-07-01', '2016-12-30', 'B', '3'),
(375, 83, '2016-07-01', '2016-12-30', 'B', '3'),
(376, 84, '2016-07-01', '2016-12-30', 'B', '3'),
(377, 85, '2016-07-01', '2016-12-30', 'B', '3'),
(378, 86, '2016-07-01', '2016-12-30', 'B', '3'),
(379, 87, '2016-07-01', '2016-12-30', 'B', '3'),
(380, 75, '2017-01-01', '2017-05-30', 'B', '4'),
(381, 76, '2017-01-01', '2017-05-30', 'B', '4'),
(382, 77, '2017-01-01', '2017-05-30', 'B', '4'),
(383, 78, '2017-01-01', '2017-05-30', 'B', '4'),
(384, 79, '2017-01-01', '2017-05-30', 'B', '4'),
(385, 80, '2017-01-01', '2017-05-30', 'B', '4'),
(386, 81, '2017-01-01', '2017-05-30', 'B', '4'),
(387, 82, '2017-01-01', '2017-05-30', 'B', '4'),
(388, 83, '2017-01-01', '2017-05-30', 'B', '4'),
(389, 84, '2017-01-01', '2017-05-30', 'B', '4'),
(390, 85, '2017-01-01', '2017-05-30', 'B', '4'),
(391, 86, '2017-01-01', '2017-05-30', 'B', '4'),
(392, 87, '2017-01-01', '2017-05-30', 'B', '4'),
(393, 75, '2017-06-01', '2017-12-30', 'B', '5'),
(394, 76, '2017-06-01', '2017-12-30', 'B', '5'),
(395, 77, '2017-06-01', '2017-12-30', 'B', '5'),
(396, 78, '2017-06-01', '2017-12-30', 'B', '5'),
(397, 79, '2017-06-01', '2017-12-30', 'B', '5'),
(398, 80, '2017-06-01', '2017-12-30', 'B', '5'),
(399, 81, '2017-06-01', '2017-12-30', 'B', '5'),
(400, 82, '2017-06-01', '2017-12-30', 'B', '5'),
(401, 83, '2017-06-01', '2017-12-30', 'B', '5'),
(402, 84, '2017-06-01', '2017-12-30', 'B', '5'),
(403, 85, '2017-06-01', '2017-12-30', 'B', '5'),
(404, 86, '2017-06-01', '2017-12-30', 'B', '5'),
(405, 87, '2017-06-01', '2017-12-30', 'B', '5'),
(406, 75, '2018-01-01', '2018-05-30', 'B', '6'),
(407, 76, '2018-01-01', '2018-05-30', 'B', '6'),
(408, 77, '2018-01-01', '2018-05-30', 'B', '6'),
(409, 78, '2018-01-01', '2018-05-30', 'B', '6'),
(410, 79, '2018-01-01', '2018-05-30', 'B', '6'),
(411, 80, '2018-01-01', '2018-05-30', 'B', '6'),
(412, 81, '2018-01-01', '2018-05-30', 'B', '6'),
(413, 82, '2018-01-01', '2018-05-30', 'B', '6'),
(414, 83, '2018-01-01', '2018-05-30', 'B', '6'),
(415, 84, '2018-01-01', '2018-05-30', 'B', '6'),
(416, 85, '2018-01-01', '2018-05-30', 'B', '6'),
(417, 86, '2018-01-01', '2018-05-30', 'B', '6'),
(418, 87, '2018-01-01', '2018-05-30', 'B', '6'),
(419, 75, '2018-06-01', '2018-12-01', 'B', '7'),
(420, 76, '2018-06-01', '2018-12-01', 'B', '7'),
(421, 77, '2018-06-01', '2018-12-01', 'B', '7'),
(422, 78, '2018-06-01', '2018-12-01', 'B', '7'),
(423, 79, '2018-06-01', '2018-12-01', 'B', '7'),
(424, 80, '2018-06-01', '2018-12-01', 'B', '7'),
(425, 81, '2018-06-01', '2018-12-01', 'B', '7'),
(426, 82, '2018-06-01', '2018-12-01', 'B', '7'),
(427, 83, '2018-06-01', '2018-12-01', 'B', '7'),
(428, 84, '2018-06-01', '2018-12-01', 'B', '7'),
(429, 85, '2018-06-01', '2018-12-01', 'B', '7'),
(430, 86, '2018-06-01', '2018-12-01', 'B', '7'),
(431, 87, '2018-06-01', '2018-12-01', 'B', '7'),
(432, 75, '2019-01-01', '2019-10-01', 'B', '8'),
(433, 76, '2019-01-01', '2019-10-01', 'B', '8'),
(434, 77, '2019-01-01', '2019-10-01', 'B', '8'),
(435, 78, '2019-01-01', '2019-10-01', 'B', '8'),
(436, 79, '2019-01-01', '2019-10-01', 'B', '8'),
(437, 80, '2019-01-01', '2019-10-01', 'B', '8'),
(438, 81, '2019-01-01', '2019-10-01', 'B', '8'),
(439, 82, '2019-01-01', '2019-10-01', 'B', '8'),
(440, 83, '2019-01-01', '2019-10-01', 'B', '8'),
(441, 84, '2019-01-01', '2019-10-01', 'B', '8'),
(442, 85, '2019-01-01', '2019-10-01', 'B', '8'),
(443, 86, '2019-01-01', '2019-10-01', 'B', '8'),
(444, 87, '2019-01-01', '2019-10-01', 'B', '8'),
(445, 12, '2016-06-01', '2017-12-30', 'B', '1'),
(446, 12, '2016-06-01', '2017-12-30', 'B', '1');

-- --------------------------------------------------------

--
-- Table structure for table `student_subject_semesters`
--

CREATE TABLE `student_subject_semesters` (
  `id` int(11) NOT NULL,
  `student_semester_id` int(11) DEFAULT NULL,
  `subject_id` int(11) DEFAULT NULL
) ENGINE=InnoDB DEFAULT CHARSET=utf8mb4 COLLATE=utf8mb4_unicode_ci;

--
-- Dumping data for table `student_subject_semesters`
--

INSERT INTO `student_subject_semesters` (`id`, `student_semester_id`, `subject_id`) VALUES
(1, 1, 1);

-- --------------------------------------------------------

--
-- Table structure for table `subjects`
--

CREATE TABLE `subjects` (
  `id` int(11) NOT NULL,
  `subject_code` varchar(20) COLLATE utf8mb4_unicode_ci DEFAULT NULL,
  `subject_name` varchar(200) COLLATE utf8mb4_unicode_ci DEFAULT NULL
) ENGINE=InnoDB DEFAULT CHARSET=utf8mb4 COLLATE=utf8mb4_unicode_ci;

--
-- Dumping data for table `subjects`
--

INSERT INTO `subjects` (`id`, `subject_code`, `subject_name`) VALUES
(1, 'IT0001', 'Digital Logic'),
(2, 'IT1002', 'Computer Information System'),
(3, 'IT0003', 'Structured Programming'),
(4, 'IT0004', 'Data Communication and Computer Networks'),
(5, 'IT0005', 'Web Programming-I'),
(6, 'IT0006', 'Java Programming-I'),
(7, 'IT0007', 'Web Programming - II'),
(8, 'IT0008', 'Data Structure and Algorithm'),
(9, 'IT0009', 'Web Programming - II'),
(10, 'IT0010', 'Database Management System'),
(11, 'IT0011', 'Computer Organization'),
(12, 'IT0012', 'Computer Graphics'),
(13, 'IT0013', 'Advanced Internet Working'),
(14, 'IT0014', 'Java Programming - II'),
(15, 'IT0015', 'Software Engineering'),
(16, 'IT0016', 'Computer Security and Cyber Law'),
(17, 'IT0017', 'Summer Project'),
(18, NULL, NULL),
(19, NULL, NULL),
(20, NULL, NULL);

-- --------------------------------------------------------

--
-- Table structure for table `teachers`
--

CREATE TABLE `teachers` (
  `id` int(11) NOT NULL,
  `name` varchar(100) COLLATE utf8mb4_unicode_ci DEFAULT NULL,
  `email` varchar(200) COLLATE utf8mb4_unicode_ci DEFAULT NULL,
  `phone` varchar(10) COLLATE utf8mb4_unicode_ci DEFAULT NULL,
  `password` varchar(200) COLLATE utf8mb4_unicode_ci DEFAULT NULL,
  `image` varchar(200) COLLATE utf8mb4_unicode_ci DEFAULT 'image-1562687330203.png',
  `role` varchar(10) COLLATE utf8mb4_unicode_ci NOT NULL DEFAULT 'teacher'
) ENGINE=InnoDB DEFAULT CHARSET=utf8mb4 COLLATE=utf8mb4_unicode_ci;

--
-- Dumping data for table `teachers`
--

INSERT INTO `teachers` (`id`, `name`, `email`, `phone`, `password`, `image`, `role`) VALUES
(1, 'Indra PC', 'gipuwozefi@4simpleemail.com', '12345678', 'JbL!J6`y5Iqws>9I{aHs', 'image-1562687330203.png', 'teacher'),
(2, 'Harendra Subedi', 'hs@mail.com', '999999999', 'JbL!J6`y5Iqws>9I{aHs', 'image-1562687330203.png', 'teacher'),
(3, 'Dinesh Bajracharya', 'dnb@mail.com', '988877755', 'JbL!J6`y5Iqws>9I{aHs', 'image-1562687330203.png', 'teacher'),
(4, 'Hello', 'akjshj@mail.co', '67890', 'JbLMw`&Hq^Zp,W6I=HHs', NULL, 'teacher'),
(5, 'Hello', 'akjshj@mail.co', '67890', 'JbL9sVY&nkizx^|.e4Hs', NULL, 'teacher'),
(6, 'Hello', 'akjshj@mail.co', '67890', 'JbLhQ;A/^:/EY>|NvNHs', NULL, 'teacher'),
(7, 'Hello', 'akjshj@mail.co', '67890', 'JbLiF6W4#.]]/p.zFXHs', NULL, 'teacher'),
(8, 'Hello', 'akjshj@mail.co', '67890', 'JbLnJ-U$bLt\\sUAP8IHs', NULL, 'teacher'),
(9, 'Dharmaraj Ranabhat', 'test@gmail.com', '999999', 'JbLQ.lFq[8))LO#kN:Hs', NULL, 'teacher'),
(10, 'admin', 'admin@kcmit.edu.np', '1234567890', 'admin', 'image-1562687330203.png', 'admin');

-- --------------------------------------------------------

--
-- Table structure for table `teacher_subjects`
--

CREATE TABLE `teacher_subjects` (
  `id` int(11) NOT NULL,
  `teacher_id` int(11) DEFAULT NULL,
  `subject_id` int(11) DEFAULT NULL,
  `from` date DEFAULT NULL,
  `to` date DEFAULT NULL,
  `semester` varchar(1) COLLATE utf8mb4_unicode_ci DEFAULT NULL
) ENGINE=InnoDB DEFAULT CHARSET=utf8mb4 COLLATE=utf8mb4_unicode_ci;

--
-- Dumping data for table `teacher_subjects`
--

INSERT INTO `teacher_subjects` (`id`, `teacher_id`, `subject_id`, `from`, `to`, `semester`) VALUES
(2, 1, 15, '2019-01-01', '2019-10-01', '6'),
(3, 2, 16, '2019-01-01', '2019-10-01', '6'),
(4, 3, 17, '2019-01-01', '2019-10-01', '6'),
(5, 1, 1, '2016-06-01', '2016-12-29', '1');

--
-- Indexes for dumped tables
--

--
-- Indexes for table `attendances`
--
ALTER TABLE `attendances`
  ADD PRIMARY KEY (`id`),
  ADD KEY `student_semester_id` (`student_semester_id`),
  ADD KEY `subject_id` (`subject_id`);

--
-- Indexes for table `students`
--
ALTER TABLE `students`
  ADD PRIMARY KEY (`id`);

--
-- Indexes for table `student_semesters`
--
ALTER TABLE `student_semesters`
  ADD PRIMARY KEY (`id`),
  ADD KEY `student_id` (`student_id`);

--
-- Indexes for table `student_subject_semesters`
--
ALTER TABLE `student_subject_semesters`
  ADD PRIMARY KEY (`id`),
  ADD KEY `student_semester_id` (`student_semester_id`),
  ADD KEY `subject_id` (`subject_id`);

--
-- Indexes for table `subjects`
--
ALTER TABLE `subjects`
  ADD PRIMARY KEY (`id`);

--
-- Indexes for table `teachers`
--
ALTER TABLE `teachers`
  ADD PRIMARY KEY (`id`);

--
-- Indexes for table `teacher_subjects`
--
ALTER TABLE `teacher_subjects`
  ADD PRIMARY KEY (`id`),
  ADD KEY `teacher_id` (`teacher_id`),
  ADD KEY `subject_id` (`subject_id`);

--
-- AUTO_INCREMENT for dumped tables
--

--
-- AUTO_INCREMENT for table `attendances`
--
ALTER TABLE `attendances`
  MODIFY `id` int(11) NOT NULL AUTO_INCREMENT, AUTO_INCREMENT=2;

--
-- AUTO_INCREMENT for table `students`
--
ALTER TABLE `students`
  MODIFY `id` int(11) NOT NULL AUTO_INCREMENT, AUTO_INCREMENT=90;

--
-- AUTO_INCREMENT for table `student_semesters`
--
ALTER TABLE `student_semesters`
  MODIFY `id` int(11) NOT NULL AUTO_INCREMENT, AUTO_INCREMENT=447;

--
-- AUTO_INCREMENT for table `student_subject_semesters`
--
ALTER TABLE `student_subject_semesters`
  MODIFY `id` int(11) NOT NULL AUTO_INCREMENT, AUTO_INCREMENT=2;

--
-- AUTO_INCREMENT for table `subjects`
--
ALTER TABLE `subjects`
  MODIFY `id` int(11) NOT NULL AUTO_INCREMENT, AUTO_INCREMENT=21;

--
-- AUTO_INCREMENT for table `teachers`
--
ALTER TABLE `teachers`
  MODIFY `id` int(11) NOT NULL AUTO_INCREMENT, AUTO_INCREMENT=11;

--
-- AUTO_INCREMENT for table `teacher_subjects`
--
ALTER TABLE `teacher_subjects`
  MODIFY `id` int(11) NOT NULL AUTO_INCREMENT, AUTO_INCREMENT=6;

--
-- Constraints for dumped tables
--

--
-- Constraints for table `attendances`
--
ALTER TABLE `attendances`
  ADD CONSTRAINT `attendances_ibfk_1` FOREIGN KEY (`student_semester_id`) REFERENCES `student_semesters` (`id`),
  ADD CONSTRAINT `attendances_ibfk_2` FOREIGN KEY (`subject_id`) REFERENCES `subjects` (`id`);

--
-- Constraints for table `student_semesters`
--
ALTER TABLE `student_semesters`
  ADD CONSTRAINT `student_semesters_ibfk_1` FOREIGN KEY (`student_id`) REFERENCES `students` (`id`);

--
-- Constraints for table `student_subject_semesters`
--
ALTER TABLE `student_subject_semesters`
  ADD CONSTRAINT `student_subject_semesters_ibfk_1` FOREIGN KEY (`student_semester_id`) REFERENCES `student_semesters` (`id`),
  ADD CONSTRAINT `student_subject_semesters_ibfk_2` FOREIGN KEY (`subject_id`) REFERENCES `subjects` (`id`);

--
-- Constraints for table `teacher_subjects`
--
ALTER TABLE `teacher_subjects`
  ADD CONSTRAINT `teacher_subjects_ibfk_1` FOREIGN KEY (`teacher_id`) REFERENCES `teachers` (`id`),
  ADD CONSTRAINT `teacher_subjects_ibfk_2` FOREIGN KEY (`subject_id`) REFERENCES `subjects` (`id`);
COMMIT;

/*!40101 SET CHARACTER_SET_CLIENT=@OLD_CHARACTER_SET_CLIENT */;
/*!40101 SET CHARACTER_SET_RESULTS=@OLD_CHARACTER_SET_RESULTS */;
/*!40101 SET COLLATION_CONNECTION=@OLD_COLLATION_CONNECTION */;
